leader_x,leader_y,leader_theta,leader_vel_linear,leader_vel_angular,sensor_1_x,sensor_1_y,sensor_1_theta,estimated_x,estimated_y,estimated_theta,sensor_2_x,sensor_2_y,sensor_2_theta,estimated_x,estimated_y,estimated_theta,sensor_3_x,sensor_3_y,sensor_3_theta,estimated_x,estimated_y,estimated_theta,sensor_4_x,sensor_4_y,sensor_4_theta,estimated_x,estimated_y,estimated_theta,sensor_5_x,sensor_5_y,sensor_5_theta,estimated_x,estimated_y,estimated_theta
100000,100000,100000,100000,100000,100000,100000,100000,0,0,0,100000,100000,100000,0,0,0,100000,100000,100000,0,0,0,100000,100000,100000,0,0,0,100000,100000,100000,0,0,0
100000,100000,100000,100000,100000,100000,100000,100000,0,0,0,100000,100000,100000,0,0,0,100000,100000,100000,0,0,0,100000,100000,100000,0,0,0,100000,100000,100000,0,0,0
100000,100000,100000,100000,100000,100000,100000,100000,0,0,0,100000,100000,100000,0,0,0,100000,100000,100000,0,0,0,100000,100000,100000,0,0,0,100000,100000,100000,0,0,0
100000,100000,100000,100000,100000,100000,100000,100000,0,0,0,100000,100000,100000,0,0,0,100000,100000,100000,0,0,0,100000,100000,100000,0,0,0,100000,100000,100000,0,0,0
-0.380929,1.11605,-3.10195,100000,100000,0.338534,0.74747,2.93056,0,0,0,0.47931,0.477502,-2.00872,0,0,0,0.593734,0.558672,-2.70649,0,0,0,0.739555,0.602434,-2.88179,0,0,0,0.165986,0.786408,0.0599356,0,0,0
-0.380935,1.11606,-3.10196,0,0,0.338633,0.747446,2.92997,0,0,0,0.477795,0.472301,-2.02215,0,0,0,0.590012,0.557201,-2.70508,0,0,0,0.736859,0.601501,-2.88387,0,0,0,0.165982,0.78646,0.0594853,0,0,0
-0.380938,1.11605,-3.10197,0,0,0.33873,0.747464,2.93118,0,0,0,0.476193,0.466828,-2.04744,0,0,0,0.585271,0.555037,-2.70326,0,0,0,0.731665,0.600219,-2.87286,0,0,0,0.166003,0.786411,0.0590493,0,0,0
-0.38094,1.11605,-3.10196,0,0,0.338699,0.74749,2.9303,0,0,0,0.474595,0.462393,-2.08641,0,0,0,0.579286,0.551435,-2.69685,0,0,0,0.724531,0.597992,-2.86406,0,0,0,0.166002,0.7862,0.0614114,0,0,0
-0.380941,1.11605,-3.10195,0,0,0.338645,0.747606,2.92986,0,0,0,0.471649,0.454602,-2.11379,0,0,0,0.573061,0.548219,-2.70135,0,0,0,0.717454,0.596386,-2.85917,0,0,0,0.166007,0.78636,0.0611091,0,0,0
-0.380939,1.11605,-3.10195,0,0,0.338658,0.747584,2.92974,0,0,0,0.469013,0.448065,-2.15753,0,0,0,0.565988,0.543782,-2.70065,0,0,0,0.710366,0.594798,-2.84497,0,0,0,0.166019,0.786491,0.0604832,0,0,0
-0.380939,1.11605,-3.10194,0,0,0.338768,0.747564,2.93132,0,0,0,0.464826,0.441385,-2.19437,0,0,0,0.559933,0.540524,-2.69423,0,0,0,0.704533,0.593351,-2.83893,0,0,0,0.166011,0.786196,0.0614525,0,0,0
-0.380938,1.11605,-3.10194,0,0,0.338669,0.747603,2.93046,0,0,0,0.46298,0.436242,-2.2359,0,0,0,0.552503,0.537102,-2.69301,0,0,0,0.697923,0.592282,-2.82174,0,0,0,0.166007,0.786175,0.0618931,0,0,0
-0.380936,1.11605,-3.10194,0,0,0.338661,0.747663,2.93064,0,0,0,0.459517,0.432154,-2.25172,0,0,0,0.54849,0.533722,-2.66921,0,0,0,0.690856,0.590237,-2.80312,0,0,0,0.165979,0.78632,0.0595872,0,0,0
-0.380939,1.11605,-3.10194,0,0,0.338533,0.747515,2.93103,0,0,0,0.456535,0.428776,-2.26927,0,0,0,0.545131,0.530431,-2.64805,0,0,0,0.687011,0.589496,-2.79137,0,0,0,0.165953,0.786453,0.0590999,0,0,0
-0.380939,1.11605,-3.10195,0,0,0.338793,0.747531,2.93175,0,0,0,0.45432,0.424338,-2.30156,0,0,0,0.541359,0.527693,-2.63568,0,0,0,0.682189,0.588086,-2.775,0,0,0,0.165929,0.786101,0.0616305,0,0,0
-0.380938,1.11604,-3.10194,0,0,0.338623,0.747418,2.92992,0,0,0,0.450303,0.41826,-2.34376,0,0,0,0.535145,0.524427,-2.62554,0,0,0,0.676736,0.586411,-2.76521,0,0,0,0.165946,0.786179,0.0607153,0,0,0
-0.380939,1.11604,-3.10195,0,0,0.33854,0.74739,2.93147,0,0,0,0.446754,0.412125,-2.38743,0,0,0,0.529243,0.521177,-2.62525,0,0,0,0.670132,0.584258,-2.76577,0,0,0,0.165909,0.786205,0.0597637,0,0,0
-0.380939,1.11604,-3.10195,0,0,0.3385,0.747236,2.92927,0,0,0,0.44207,0.406864,-2.42434,0,0,0,0.523737,0.517581,-2.61364,0,0,0,0.662862,0.581686,-2.76538,0,0,0,0.165897,0.786462,0.0585527,0,0,0
-0.380937,1.11604,-3.10195,0,0,0.338623,0.747149,2.9307,0,0,0,0.43701,0.401703,-2.46267,0,0,0,0.517968,0.51432,-2.60478,0,0,0,0.656151,0.580204,-2.75058,0,0,0,0.165874,0.786007,0.0606206,0,0,0
-0.380936,1.11604,-3.10197,0,0,0.338555,0.747152,2.93041,0,0,0,0.433481,0.396234,-2.50908,0,0,0,0.512226,0.509859,-2.60202,0,0,0,0.649477,0.578121,-2.73228,0,0,0,0.165936,0.786221,0.0588694,0,0,0
-0.380932,1.11604,-3.102,0,0,0.338548,0.747154,2.93055,0,0,0,0.4295,0.392165,-2.54446,0,0,0,0.506154,0.506228,-2.59618,0,0,0,0.642588,0.575622,-2.71962,0,0,0,0.165954,0.786286,0.0576856,0,0,0
-0.380929,1.11604,-3.10201,0,0,0.338648,0.747105,2.92893,0,0,0,0.423922,0.387332,-2.57594,0,0,0,0.501587,0.502724,-2.58923,0,0,0,0.63729,0.573941,-2.70472,0,0,0,0.166033,0.786388,0.0571157,0,0,0
-0.380926,1.11604,-3.10202,0,0,0.338678,0.746996,2.92896,0,0,0,0.417631,0.382081,-2.62616,0,0,0,0.495529,0.49888,-2.57188,0,0,0,0.630619,0.570672,-2.6974,0,0,0,0.165931,0.786062,0.059636,0,0,0
-0.380926,1.11604,-3.10202,0,0,0.338716,0.747086,2.92863,0,0,0,0.412533,0.377696,-2.67053,0,0,0,0.490321,0.495288,-2.56819,0,0,0,0.625805,0.566922,-2.71097,0,0,0,0.165998,0.786336,0.0570635,0,0,0
-0.380927,1.11604,-3.10202,0,0,0.338683,0.747056,2.9293,0,0,0,0.407208,0.373428,-2.71324,0,0,0,0.483572,0.4904,-2.57024,0,0,0,0.619784,0.564228,-2.7424,0,0,0,0.166091,0.78633,0.0556928,0,0,0
-0.380928,1.11604,-3.10202,0,0,0.33875,0.747068,2.92881,0,0,0,0.400071,0.369435,-2.75078,0,0,0,0.477821,0.485089,-2.57332,0,0,0,0.613034,0.560832,-2.74706,0,0,0,0.166138,0.786357,0.0563335,0,0,0
-0.380929,1.11604,-3.10202,0,0,0.338745,0.74699,2.92783,0,0,0,0.39437,0.364535,-2.79514,0,0,0,0.472382,0.481348,-2.56522,0,0,0,0.60644,0.558717,-2.74883,0,0,0,0.166088,0.78621,0.0580369,0,0,0
-0.380931,1.11604,-3.102,0,0,0.338789,0.747138,2.92898,0,0,0,0.389134,0.361455,-2.83825,0,0,0,0.467974,0.478192,-2.5551,0,0,0,0.601494,0.556559,-2.74731,0,0,0,0.166113,0.786178,0.0571474,0,0,0
-0.380928,1.11604,-3.102,0,0,0.33865,0.747152,2.92943,0,0,0,0.384274,0.358303,-2.88044,0,0,0,0.463721,0.475157,-2.54665,0,0,0,0.595889,0.555089,-2.75912,0,0,0,0.166138,0.786584,0.055141,0,0,0
-0.380928,1.11605,-3.10198,0,0,0.338789,0.747119,2.92886,0,0,0,0.376039,0.354607,-2.92397,0,0,0,0.457292,0.470601,-2.53749,0,0,0,0.588987,0.551144,-2.7569,0,0,0,0.166145,0.786272,0.0572361,0,0,0
-0.380925,1.11605,-3.10196,0,0,0.339019,0.747123,2.92911,0,0,0,0.369467,0.351807,-2.97065,0,0,0,0.450502,0.466215,-2.53196,0,0,0,0.581857,0.54767,-2.76327,0,0,0,0.166191,0.786289,0.0575819,0,0,0
-0.380923,1.11605,-3.10196,0,0,0.338761,0.747163,2.93104,0,0,0,0.362602,0.34885,-3.01446,0,0,0,0.443727,0.46323,-2.50694,0,0,0,0.57435,0.545219,-2.76977,0,0,0,0.166156,0.786226,0.0581492,0,0,0
-0.380923,1.11605,-3.10197,0,0,0.338742,0.747326,2.92882,0,0,0,0.355077,0.345729,-3.04356,0,0,0,0.437722,0.459014,-2.50153,0,0,0,0.566763,0.542866,-2.75762,0,0,0,0.166112,0.786558,0.0562015,0,0,0
-0.380921,1.11604,-3.10197,0,0,0.338768,0.747256,2.92959,0,0,0,0.347219,0.343736,-3.07353,0,0,0,0.432977,0.45517,-2.48807,0,0,0,0.561177,0.539981,-2.75999,0,0,0,0.166099,0.786166,0.0587419,0,0,0
-0.380918,1.11605,-3.10196,0,0,0.338835,0.747253,2.93105,0,0,0,0.34013,0.341912,-3.12092,0,0,0,0.427769,0.451183,-2.47167,0,0,0,0.555885,0.537314,-2.7749,0,0,0,0.166092,0.786326,0.0579359,0,0,0
-0.38092,1.11605,-3.10197,0,0,0.338695,0.747286,2.93148,0,0,0,0.333154,0.340055,3.12509,0,0,0,0.422985,0.448091,-2.46363,0,0,0,0.550978,0.534866,-2.77906,0,0,0,0.166041,0.786275,0.0588197,0,0,0
-0.380924,1.11605,-3.10196,0,0,0.338762,0.747287,2.92945,0,0,0,0.325482,0.3381,3.0749,0,0,0,0.41803,0.444076,-2.44934,0,0,0,0.545089,0.533126,-2.78017,0,0,0,0.166084,0.78631,0.0577495,0,0,0
-0.380924,1.11604,-3.10195,0,0,0.338621,0.74728,2.93055,0,0,0,0.318093,0.335271,3.01947,0,0,0,0.412156,0.439347,-2.4344,0,0,0,0.539163,0.530683,-2.76904,0,0,0,0.166011,0.786274,0.0588953,0,0,0
-0.380924,1.11605,-3.10194,0,0,0.338691,0.747288,2.93153,0,0,0,0.310776,0.333381,2.97585,0,0,0,0.4069,0.435599,-2.41793,0,0,0,0.533502,0.529029,-2.76109,0,0,0,0.166015,0.786395,0.0579118,0,0,0
-0.380927,1.11605,-3.10195,0,0,0.338648,0.747315,2.93036,0,0,0,0.302982,0.332726,2.92572,0,0,0,0.402554,0.432544,-2.40278,0,0,0,0.525919,0.526622,-2.73619,0,0,0,0.166001,0.786311,0.0584439,0,0,0
-0.380927,1.11605,-3.10196,0,0,0.338741,0.747337,2.92927,0,0,0,0.295462,0.331077,2.8756,0,0,0,0.397538,0.428002,-2.39147,0,0,0,0.519277,0.524462,-2.71415,0,0,0,0.166014,0.786415,0.0578184,0,0,0
-0.380927,1.11605,-3.10197,0,0,0.338639,0.747318,2.92974,0,0,0,0.288068,0.330311,2.82973,0,0,0,0.392723,0.423976,-2.38005,0,0,0,0.513122,0.522542,-2.70255,0,0,0,0.166005,0.786336,0.058242,0,0,0
-0.380928,1.11605,-3.10196,0,0,0.338667,0.747352,2.93001,0,0,0,0.280408,0.329625,2.77458,0,0,0,0.387815,0.419991,-2.37095,0,0,0,0.507704,0.520748,-2.68433,0,0,0,0.166026,0.786489,0.057303,0,0,0
-0.38093,1.11605,-3.10196,0,0,0.338626,0.747358,2.92956,0,0,0,0.272302,0.329182,2.74442,0,0,0,0.383325,0.415529,-2.38106,0,0,0,0.500637,0.518182,-2.65464,0,0,0,0.165996,0.786533,0.0567117,0,0,0
-0.38093,1.11605,-3.10196,0,0,0.338626,0.747358,2.92956,0,0,0,0.272302,0.329182,2.74442,0,0,0,0.383325,0.415529,-2.38106,0,0,0,0.500637,0.518182,-2.65464,0,0,0,0.165996,0.786533,0.0567117,0,0,0
-0.38093,1.11605,-3.10196,0,0,0.338626,0.747358,2.92956,0,0,0,0.272302,0.329182,2.74442,0,0,0,0.383325,0.415529,-2.38106,0,0,0,0.500637,0.518182,-2.65464,0,0,0,0.165996,0.786533,0.0567117,0,0,0
-0.38093,1.11605,-3.10196,0,0,0.338626,0.747358,2.92956,0,0,0,0.272302,0.329182,2.74442,0,0,0,0.383325,0.415529,-2.38106,0,0,0,0.500637,0.518182,-2.65464,0,0,0,0.165996,0.786533,0.0567117,0,0,0
-0.38093,1.11605,-3.10196,0,0,0.338626,0.747358,2.92956,0,0,0,0.272302,0.329182,2.74442,0,0,0,0.383325,0.415529,-2.38106,0,0,0,0.500637,0.518182,-2.65464,0,0,0,0.165996,0.786533,0.0567117,0,0,0
